-- migrate:up
insert into upload_files (id, is_img, file_link) values (1, true, 'http://dummyimage.com/1920x1080.png/ff4444/ffffff');
insert into upload_files (id, is_img, file_link) values (2, true, 'http://dummyimage.com/1920x1080.png/dddddd/000000');
insert into upload_files (id, is_img, file_link) values (3, true, 'http://dummyimage.com/1920x1080.png/5fa2dd/ffffff');
insert into upload_files (id, is_img, file_link) values (4, true, 'http://dummyimage.com/1920x1080.png/ff4444/ffffff');
insert into upload_files (id, is_img, file_link) values (5, true, 'http://dummyimage.com/1920x1080.png/ff4444/ffffff');
insert into upload_files (id, is_img, file_link) values (6, true, 'http://dummyimage.com/1920x1080.png/cc0000/ffffff');
insert into upload_files (id, is_img, file_link) values (7, true, 'http://dummyimage.com/1920x1080.png/ff4444/ffffff');
insert into upload_files (id, is_img, file_link) values (8, true, 'http://dummyimage.com/1920x1080.png/5fa2dd/ffffff');
insert into upload_files (id, is_img, file_link) values (9, true, 'http://dummyimage.com/1920x1080.png/ff4444/ffffff');
insert into upload_files (id, is_img, file_link) values (10, true, 'http://dummyimage.com/1920x1080.png/ff4444/ffffff');
insert into upload_files (id, is_img, file_link) values (11, true, 'http://dummyimage.com/1920x1080.png/5fa2dd/ffffff');
insert into upload_files (id, is_img, file_link) values (12, true, 'http://dummyimage.com/1920x1080.png/ff4444/ffffff');
insert into upload_files (id, is_img, file_link) values (13, true, 'http://dummyimage.com/1920x1080.png/ff4444/ffffff');
insert into upload_files (id, is_img, file_link) values (14, true, 'http://dummyimage.com/1920x1080.png/dddddd/000000');
insert into upload_files (id, is_img, file_link) values (15, true, 'http://dummyimage.com/1920x1080.png/ff4444/ffffff');
insert into upload_files (id, is_img, file_link) values (16, true, 'http://dummyimage.com/1920x1080.png/5fa2dd/ffffff');
insert into upload_files (id, is_img, file_link) values (17, true, 'http://dummyimage.com/1920x1080.png/cc0000/ffffff');
insert into upload_files (id, is_img, file_link) values (18, true, 'http://dummyimage.com/1920x1080.png/5fa2dd/ffffff');
insert into upload_files (id, is_img, file_link) values (19, true, 'http://dummyimage.com/1920x1080.png/cc0000/ffffff');
insert into upload_files (id, is_img, file_link) values (20, true, 'http://dummyimage.com/1920x1080.png/cc0000/ffffff');
insert into upload_files (id, is_img, file_link) values (21, true, 'http://dummyimage.com/1920x1080.png/dddddd/000000');
insert into upload_files (id, is_img, file_link) values (22, true, 'http://dummyimage.com/1920x1080.png/dddddd/000000');
insert into upload_files (id, is_img, file_link) values (23, true, 'http://dummyimage.com/1920x1080.png/ff4444/ffffff');
insert into upload_files (id, is_img, file_link) values (24, true, 'http://dummyimage.com/1920x1080.png/dddddd/000000');
insert into upload_files (id, is_img, file_link) values (25, true, 'http://dummyimage.com/1920x1080.png/ff4444/ffffff');
insert into upload_files (id, is_img, file_link) values (26, true, 'http://dummyimage.com/1920x1080.png/cc0000/ffffff');
insert into upload_files (id, is_img, file_link) values (27, true, 'http://dummyimage.com/1920x1080.png/dddddd/000000');
insert into upload_files (id, is_img, file_link) values (28, true, 'http://dummyimage.com/1920x1080.png/dddddd/000000');
insert into upload_files (id, is_img, file_link) values (29, true, 'http://dummyimage.com/1920x1080.png/ff4444/ffffff');
insert into upload_files (id, is_img, file_link) values (30, true, 'http://dummyimage.com/1920x1080.png/dddddd/000000');
insert into upload_files (id, is_img, file_link) values (31, true, 'http://dummyimage.com/1920x1080.png/5fa2dd/ffffff');
insert into upload_files (id, is_img, file_link) values (32, true, 'http://dummyimage.com/1920x1080.png/ff4444/ffffff');
insert into upload_files (id, is_img, file_link) values (33, true, 'http://dummyimage.com/1920x1080.png/ff4444/ffffff');
insert into upload_files (id, is_img, file_link) values (34, true, 'http://dummyimage.com/1920x1080.png/ff4444/ffffff');
insert into upload_files (id, is_img, file_link) values (35, true, 'http://dummyimage.com/1920x1080.png/dddddd/000000');
insert into upload_files (id, is_img, file_link) values (36, true, 'http://dummyimage.com/1920x1080.png/5fa2dd/ffffff');
insert into upload_files (id, is_img, file_link) values (37, true, 'http://dummyimage.com/1920x1080.png/ff4444/ffffff');
insert into upload_files (id, is_img, file_link) values (38, true, 'http://dummyimage.com/1920x1080.png/ff4444/ffffff');
insert into upload_files (id, is_img, file_link) values (39, true, 'http://dummyimage.com/1920x1080.png/ff4444/ffffff');
insert into upload_files (id, is_img, file_link) values (40, true, 'http://dummyimage.com/1920x1080.png/ff4444/ffffff');
insert into upload_files (id, is_img, file_link) values (41, true, 'http://dummyimage.com/1920x1080.png/dddddd/000000');
insert into upload_files (id, is_img, file_link) values (42, true, 'http://dummyimage.com/1920x1080.png/cc0000/ffffff');
insert into upload_files (id, is_img, file_link) values (43, true, 'http://dummyimage.com/1920x1080.png/cc0000/ffffff');
insert into upload_files (id, is_img, file_link) values (44, true, 'http://dummyimage.com/1920x1080.png/ff4444/ffffff');
insert into upload_files (id, is_img, file_link) values (45, true, 'http://dummyimage.com/1920x1080.png/cc0000/ffffff');
insert into upload_files (id, is_img, file_link) values (46, true, 'http://dummyimage.com/1920x1080.png/dddddd/000000');
insert into upload_files (id, is_img, file_link) values (47, true, 'http://dummyimage.com/1920x1080.png/5fa2dd/ffffff');
insert into upload_files (id, is_img, file_link) values (48, true, 'http://dummyimage.com/1920x1080.png/dddddd/000000');
insert into upload_files (id, is_img, file_link) values (49, true, 'http://dummyimage.com/1920x1080.png/cc0000/ffffff');
insert into upload_files (id, is_img, file_link) values (50, true, 'http://dummyimage.com/1920x1080.png/ff4444/ffffff');
insert into upload_files (id, is_img, file_link) values (51, true, 'http://dummyimage.com/1920x1080.png/5fa2dd/ffffff');
insert into upload_files (id, is_img, file_link) values (52, true, 'http://dummyimage.com/1920x1080.png/cc0000/ffffff');
insert into upload_files (id, is_img, file_link) values (53, true, 'http://dummyimage.com/1920x1080.png/ff4444/ffffff');
insert into upload_files (id, is_img, file_link) values (54, true, 'http://dummyimage.com/1920x1080.png/dddddd/000000');
insert into upload_files (id, is_img, file_link) values (55, true, 'http://dummyimage.com/1920x1080.png/5fa2dd/ffffff');
insert into upload_files (id, is_img, file_link) values (56, true, 'http://dummyimage.com/1920x1080.png/dddddd/000000');
insert into upload_files (id, is_img, file_link) values (57, true, 'http://dummyimage.com/1920x1080.png/cc0000/ffffff');
insert into upload_files (id, is_img, file_link) values (58, true, 'http://dummyimage.com/1920x1080.png/5fa2dd/ffffff');
insert into upload_files (id, is_img, file_link) values (59, true, 'http://dummyimage.com/1920x1080.png/5fa2dd/ffffff');
insert into upload_files (id, is_img, file_link) values (60, true, 'http://dummyimage.com/1920x1080.png/cc0000/ffffff');
insert into upload_files (id, is_img, file_link) values (61, true, 'http://dummyimage.com/1920x1080.png/dddddd/000000');
insert into upload_files (id, is_img, file_link) values (62, true, 'http://dummyimage.com/1920x1080.png/ff4444/ffffff');
insert into upload_files (id, is_img, file_link) values (63, true, 'http://dummyimage.com/1920x1080.png/cc0000/ffffff');
insert into upload_files (id, is_img, file_link) values (64, true, 'http://dummyimage.com/1920x1080.png/dddddd/000000');
insert into upload_files (id, is_img, file_link) values (65, true, 'http://dummyimage.com/1920x1080.png/cc0000/ffffff');
insert into upload_files (id, is_img, file_link) values (66, true, 'http://dummyimage.com/1920x1080.png/cc0000/ffffff');
insert into upload_files (id, is_img, file_link) values (67, true, 'http://dummyimage.com/1920x1080.png/ff4444/ffffff');
insert into upload_files (id, is_img, file_link) values (68, true, 'http://dummyimage.com/1920x1080.png/dddddd/000000');
insert into upload_files (id, is_img, file_link) values (69, true, 'http://dummyimage.com/1920x1080.png/5fa2dd/ffffff');
insert into upload_files (id, is_img, file_link) values (70, true, 'http://dummyimage.com/1920x1080.png/dddddd/000000');
insert into upload_files (id, is_img, file_link) values (71, true, 'http://dummyimage.com/1920x1080.png/dddddd/000000');
insert into upload_files (id, is_img, file_link) values (72, true, 'http://dummyimage.com/1920x1080.png/5fa2dd/ffffff');
insert into upload_files (id, is_img, file_link) values (73, true, 'http://dummyimage.com/1920x1080.png/ff4444/ffffff');
insert into upload_files (id, is_img, file_link) values (74, true, 'http://dummyimage.com/1920x1080.png/dddddd/000000');
insert into upload_files (id, is_img, file_link) values (75, true, 'http://dummyimage.com/1920x1080.png/dddddd/000000');
insert into upload_files (id, is_img, file_link) values (76, true, 'http://dummyimage.com/1920x1080.png/ff4444/ffffff');
insert into upload_files (id, is_img, file_link) values (77, true, 'http://dummyimage.com/1920x1080.png/cc0000/ffffff');
insert into upload_files (id, is_img, file_link) values (78, true, 'http://dummyimage.com/1920x1080.png/5fa2dd/ffffff');
insert into upload_files (id, is_img, file_link) values (79, true, 'http://dummyimage.com/1920x1080.png/ff4444/ffffff');
insert into upload_files (id, is_img, file_link) values (80, true, 'http://dummyimage.com/1920x1080.png/ff4444/ffffff');
insert into upload_files (id, is_img, file_link) values (81, true, 'http://dummyimage.com/1920x1080.png/dddddd/000000');
insert into upload_files (id, is_img, file_link) values (82, true, 'http://dummyimage.com/1920x1080.png/5fa2dd/ffffff');
insert into upload_files (id, is_img, file_link) values (83, true, 'http://dummyimage.com/1920x1080.png/ff4444/ffffff');
insert into upload_files (id, is_img, file_link) values (84, true, 'http://dummyimage.com/1920x1080.png/ff4444/ffffff');
insert into upload_files (id, is_img, file_link) values (85, true, 'http://dummyimage.com/1920x1080.png/dddddd/000000');
insert into upload_files (id, is_img, file_link) values (86, true, 'http://dummyimage.com/1920x1080.png/5fa2dd/ffffff');
insert into upload_files (id, is_img, file_link) values (87, true, 'http://dummyimage.com/1920x1080.png/5fa2dd/ffffff');
insert into upload_files (id, is_img, file_link) values (88, true, 'http://dummyimage.com/1920x1080.png/ff4444/ffffff');
insert into upload_files (id, is_img, file_link) values (89, true, 'http://dummyimage.com/1920x1080.png/5fa2dd/ffffff');
insert into upload_files (id, is_img, file_link) values (90, true, 'http://dummyimage.com/1920x1080.png/ff4444/ffffff');
insert into upload_files (id, is_img, file_link) values (91, true, 'http://dummyimage.com/1920x1080.png/dddddd/000000');
insert into upload_files (id, is_img, file_link) values (92, true, 'http://dummyimage.com/1920x1080.png/ff4444/ffffff');
insert into upload_files (id, is_img, file_link) values (93, true, 'http://dummyimage.com/1920x1080.png/cc0000/ffffff');
insert into upload_files (id, is_img, file_link) values (94, true, 'http://dummyimage.com/1920x1080.png/ff4444/ffffff');
insert into upload_files (id, is_img, file_link) values (95, true, 'http://dummyimage.com/1920x1080.png/5fa2dd/ffffff');
insert into upload_files (id, is_img, file_link) values (96, true, 'http://dummyimage.com/1920x1080.png/dddddd/000000');
insert into upload_files (id, is_img, file_link) values (97, true, 'http://dummyimage.com/1920x1080.png/5fa2dd/ffffff');
insert into upload_files (id, is_img, file_link) values (98, true, 'http://dummyimage.com/1920x1080.png/cc0000/ffffff');
insert into upload_files (id, is_img, file_link) values (99, true, 'http://dummyimage.com/1920x1080.png/ff4444/ffffff');
insert into upload_files (id, is_img, file_link) values (100, true, 'http://dummyimage.com/1920x1080.png/dddddd/000000');


insert into users (id, nickname, password, email) values ( 1, 101, '5UIwSY8i', 'msatchel0@guardian.co.uk');
insert into users (id, nickname, password, email) values (2,  102, 'H1tEgcE', 'ltal1@usnews.com');
insert into users (id, nickname, password, email) values ( 3, 103, 'aMuUgR', 'serswell2@hc360.com');
insert into users (id, nickname, password, email) values ( 4, 104, 'aywgFlN8', 'cethelston3@yahoo.co.jp');
insert into users (id, nickname, password, email) values ( 5, 105, 'FJ900np', 'nfalkinder4@loc.gov');
insert into users (id, nickname, password, email) values ( 6, 106, '4mZhDTjlLG2', 'csictornes5@myspace.com');
insert into users (id, nickname, password, email) values ( 7, 107, 'dZvpW0Anx', 'mprudham6@paypal.com');
insert into users (id, nickname, password, email) values ( 8, 108, 'xdY226Z2236', 'ttebbet7@opensource.org');
insert into users (id, nickname, password, email) values ( 9, 109, 'N5NNkal9JwG', 'tferebee8@intel.com');
insert into users (id, nickname, password, email) values ( 10, 110, 'gNnGaUWIC6S', 'aolyfant9@macromedia.com');


insert into feeds (id, userId, title, content, estimationId, categoryId, statusId) values (1, 3, 'erat vestibulum sed magna', 'porttitor lacus at turpis donec posuere metus vitae ipsum aliquam non mauris morbi non lectus aliquam sit amet diam in magna bibendum imperdiet nullam orci pede', 3, 5, 1);
insert into feeds (id, userId, title, content, estimationId, categoryId, statusId) values (2, 1, 'feugiat et eros', 'at dolor quis odio consequat varius integer ac leo pellentesque ultrices mattis odio donec vitae', 2, 5, 1);
insert into feeds (id, userId, title, content, estimationId, categoryId, statusId) values (3, 5, 'nulla neque libero', 'in faucibus orci luctus et ultrices posuere cubilia curae mauris viverra diam vitae quam suspendisse potenti nullam porttitor lacus at turpis donec posuere metus vitae ipsum aliquam non mauris', 2, 3, 1);
insert into feeds (id, userId, title, content, estimationId, categoryId, statusId) values (4, 3, 'tincidunt nulla mollis molestie', 'amet sem fusce consequat nulla nisl nunc nisl duis bibendum felis sed interdum venenatis turpis enim blandit mi in porttitor pede justo eu', 3, 1, 1);
insert into feeds (id, userId, title, content, estimationId, categoryId, statusId) values (5, 2, 'in faucibus', 'nec condimentum neque sapien placerat ante nulla justo aliquam quis turpis eget elit sodales scelerisque mauris sit', 2, 2, 1);
insert into feeds (id, userId, title, content, estimationId, categoryId, statusId) values (6, 4, 'sed augue aliquam erat volutpat', 'pretium iaculis justo in hac habitasse platea dictumst etiam faucibus cursus urna ut tellus nulla', 3, 5, 1);
insert into feeds (id, userId, title, content, estimationId, categoryId, statusId) values (7, 3, 'sit amet', 'id consequat in consequat ut nulla sed accumsan felis ut at dolor quis odio consequat varius integer', 2, 2, 1);
insert into feeds (id, userId, title, content, estimationId, categoryId, statusId) values (8, 5, 'sit amet justo morbi', 'enim blandit mi in porttitor pede justo eu massa donec dapibus duis at velit eu est congue elementum in hac habitasse platea dictumst morbi vestibulum velit id', 2, 3, 1);
insert into feeds (id, userId, title, content, estimationId, categoryId, statusId) values (9, 9, 'sit amet turpis elementum', 'eu sapien cursus vestibulum proin eu mi nulla ac enim', 3, 2, 1);
insert into feeds (id, userId, title, content, estimationId, categoryId, statusId) values (10, 10, 'sapien cum', 'rhoncus dui vel sem sed sagittis nam congue risus semper porta volutpat quam pede lobortis ligula sit amet eleifend pede', 2, 3, 1);
insert into feeds (id, userId, title, content, estimationId, categoryId, statusId) values (11, 1, 'lacus purus aliquet at', 'tortor quis turpis sed ante vivamus tortor duis mattis egestas metus aenean fermentum donec ut mauris eget massa tempor convallis nulla', 2, 3, 1);
insert into feeds (id, userId, title, content, estimationId, categoryId, statusId) values (12, 2, 'urna pretium nisl ut volutpat', 'elit ac nulla sed vel enim sit amet nunc viverra dapibus nulla suscipit ligula in lacus curabitur at ipsum ac tellus semper interdum mauris ullamcorper purus sit', 1, 4, 1);
insert into feeds (id, userId, title, content, estimationId, categoryId, statusId) values (13, 4, 'nulla suspendisse potenti cras in', 'eget orci vehicula condimentum curabitur in libero ut massa volutpat convallis morbi odio', 3, 5, 1);
insert into feeds (id, userId, title, content, estimationId, categoryId, statusId) values (14, 5, 'consequat dui nec nisi', 'elementum in hac habitasse platea dictumst morbi vestibulum velit id pretium iaculis diam erat fermentum justo nec condimentum neque sapien placerat ante nulla justo aliquam quis turpis eget elit sodales', 1, 2, 1);
insert into feeds (id, userId, title, content, estimationId, categoryId, statusId) values (15, 9, 'ac leo', 'felis donec semper sapien a libero nam dui proin leo odio porttitor id consequat in consequat ut nulla sed accumsan felis', 3, 1, 1);
insert into feeds (id, userId, title, content, estimationId, categoryId, statusId) values (16, 8, 'lectus pellentesque at nulla', 'praesent blandit lacinia erat vestibulum sed magna at nunc commodo placerat', 2, 2, 1);
insert into feeds (id, userId, title, content, estimationId, categoryId, statusId) values (17, 8, 'ultrices vel augue vestibulum', 'lectus suspendisse potenti in eleifend quam a odio in hac habitasse platea dictumst maecenas ut massa quis augue luctus tincidunt', 1, 5, 1);
insert into feeds (id, userId, title, content, estimationId, categoryId, statusId) values (18, 3, 'neque aenean auctor gravida sem', 'nisi eu orci mauris lacinia sapien quis libero nullam sit amet turpis elementum ligula vehicula consequat morbi a', 1, 3, 1);
insert into feeds (id, userId, title, content, estimationId, categoryId, statusId) values (19, 6, 'lacus morbi quis tortor', 'mauris non ligula pellentesque ultrices phasellus id sapien in sapien iaculis congue vivamus metus arcu adipiscing molestie hendrerit at vulputate', 2, 4, 1);
insert into feeds (id, userId, title, content, estimationId, categoryId, statusId) values (20, 10, 'non mattis pulvinar nulla', 'donec semper sapien a libero nam dui proin leo odio porttitor id consequat in consequat ut', 3, 3, 1);
insert into feeds (id, userId, title, content, estimationId, categoryId, statusId) values (21, 10, 'sapien a libero nam dui', 'turpis eget elit sodales scelerisque mauris sit amet eros suspendisse accumsan tortor quis turpis sed', 3, 2, 1);
insert into feeds (id, userId, title, content, estimationId, categoryId, statusId) values (22, 10, 'sed justo pellentesque viverra pede', 'sapien urna pretium nisl ut volutpat sapien arcu sed augue aliquam erat volutpat in congue etiam justo etiam pretium iaculis justo in hac habitasse platea', 3, 4, 1);
insert into feeds (id, userId, title, content, estimationId, categoryId, statusId) values (23, 8, 'mi in', 'mi pede malesuada in imperdiet et commodo vulputate justo in blandit ultrices enim lorem ipsum dolor sit amet consectetuer adipiscing elit proin interdum mauris non ligula pellentesque ultrices phasellus', 3, 2, 1);
insert into feeds (id, userId, title, content, estimationId, categoryId, statusId) values (24, 7, 'nulla tempus vivamus in felis', 'lorem ipsum dolor sit amet consectetuer adipiscing elit proin risus praesent lectus vestibulum quam sapien varius ut blandit non interdum in ante', 3, 1, 1);
insert into feeds (id, userId, title, content, estimationId, categoryId, statusId) values (25, 2, 'sapien varius ut blandit', 'platea dictumst morbi vestibulum velit id pretium iaculis diam erat fermentum justo nec condimentum neque sapien placerat ante nulla justo aliquam', 2, 1, 1);
insert into feeds (id, userId, title, content, estimationId, categoryId, statusId) values (26, 8, 'massa id lobortis convallis', 'sapien urna pretium nisl ut volutpat sapien arcu sed augue aliquam erat volutpat in congue etiam justo etiam pretium iaculis justo in hac habitasse platea dictumst etiam faucibus', 3, 5, 1);
insert into feeds (id, userId, title, content, estimationId, categoryId, statusId) values (27, 9, 'lectus suspendisse', 'massa id nisl venenatis lacinia aenean sit amet justo morbi ut odio cras mi pede malesuada in imperdiet et commodo vulputate justo in blandit ultrices enim lorem ipsum', 2, 2, 1);
insert into feeds (id, userId, title, content, estimationId, categoryId, statusId) values (28, 8, 'morbi non', 'semper rutrum nulla nunc purus phasellus in felis donec semper sapien a libero', 2, 4, 1);
insert into feeds (id, userId, title, content, estimationId, categoryId, statusId) values (29, 8, 'nunc proin at', 'justo nec condimentum neque sapien placerat ante nulla justo aliquam quis turpis eget elit sodales scelerisque mauris sit amet eros suspendisse', 2, 2, 1);
insert into feeds (id, userId, title, content, estimationId, categoryId, statusId) values (30, 1, 'congue etiam justo etiam pretium', 'ipsum integer a nibh in quis justo maecenas rhoncus aliquam lacus morbi quis', 1, 4, 1);
insert into feeds (id, userId, title, content, estimationId, categoryId, statusId) values (31, 6, 'ac tellus semper interdum mauris', 'justo eu massa donec dapibus duis at velit eu est congue elementum', 2, 4, 1);
insert into feeds (id, userId, title, content, estimationId, categoryId, statusId) values (32, 3, 'bibendum imperdiet nullam', 'posuere cubilia curae nulla dapibus dolor vel est donec odio justo sollicitudin ut suscipit a feugiat et eros vestibulum ac est lacinia nisi venenatis tristique', 3, 5, 1);
insert into feeds (id, userId, title, content, estimationId, categoryId, statusId) values (33, 4, 'phasellus sit amet erat', 'quisque porta volutpat erat quisque erat eros viverra eget congue eget', 2, 1, 1);
insert into feeds (id, userId, title, content, estimationId, categoryId, statusId) values (34, 2, 'ligula pellentesque ultrices', 'quis augue luctus tincidunt nulla mollis molestie lorem quisque ut erat curabitur gravida nisi at nibh in hac habitasse platea dictumst aliquam augue quam sollicitudin vitae', 2, 3, 1);
insert into feeds (id, userId, title, content, estimationId, categoryId, statusId) values (35, 7, 'eleifend quam a', 'in lacus curabitur at ipsum ac tellus semper interdum mauris ullamcorper purus sit amet nulla quisque', 2, 1, 1);
insert into feeds (id, userId, title, content, estimationId, categoryId, statusId) values (36, 2, 'vel augue vestibulum', 'lorem quisque ut erat curabitur gravida nisi at nibh in hac habitasse platea dictumst aliquam augue quam sollicitudin vitae consectetuer eget rutrum at lorem integer tincidunt ante vel ipsum', 2, 1, 1);
insert into feeds (id, userId, title, content, estimationId, categoryId, statusId) values (37, 1, 'mi sit amet lobortis sapien', 'pellentesque quisque porta volutpat erat quisque erat eros viverra eget congue eget semper rutrum nulla nunc purus', 3, 4, 1);
insert into feeds (id, userId, title, content, estimationId, categoryId, statusId) values (38, 5, 'etiam vel augue vestibulum rutrum', 'curabitur gravida nisi at nibh in hac habitasse platea dictumst aliquam augue quam sollicitudin', 2, 1, 1);
insert into feeds (id, userId, title, content, estimationId, categoryId, statusId) values (39, 10, 'ut suscipit', 'convallis morbi odio odio elementum eu interdum eu tincidunt in leo maecenas pulvinar lobortis est', 3, 1, 1);
insert into feeds (id, userId, title, content, estimationId, categoryId, statusId) values (40, 3, 'ut massa quis augue', 'ut blandit non interdum in ante vestibulum ante ipsum primis in faucibus orci luctus et ultrices posuere cubilia curae duis faucibus accumsan odio curabitur convallis duis consequat dui nec nisi', 1, 2, 1);
insert into feeds (id, userId, title, content, estimationId, categoryId, statusId) values (41, 4, 'nec sem duis aliquam', 'nisl nunc nisl duis bibendum felis sed interdum venenatis turpis enim blandit mi in porttitor', 2, 2, 1);
insert into feeds (id, userId, title, content, estimationId, categoryId, statusId) values (42, 5, 'in sagittis dui vel', 'dignissim vestibulum vestibulum ante ipsum primis in faucibus orci luctus et ultrices posuere cubilia curae nulla dapibus dolor vel est donec odio justo sollicitudin ut suscipit a feugiat et eros', 3, 1, 1);
insert into feeds (id, userId, title, content, estimationId, categoryId, statusId) values (43, 2, 'volutpat eleifend donec ut', 'praesent blandit nam nulla integer pede justo lacinia eget tincidunt eget tempus vel pede morbi', 1, 2, 1);
insert into feeds (id, userId, title, content, estimationId, categoryId, statusId) values (44, 4, 'massa id lobortis', 'maecenas ut massa quis augue luctus tincidunt nulla mollis molestie lorem quisque ut erat curabitur gravida nisi at nibh in', 3, 3, 1);
insert into feeds (id, userId, title, content, estimationId, categoryId, statusId) values (45, 3, 'libero ut', 'sed interdum venenatis turpis enim blandit mi in porttitor pede justo eu massa donec dapibus duis at velit eu est', 3, 4, 1);
insert into feeds (id, userId, title, content, estimationId, categoryId, statusId) values (46, 1, 'sapien cum sociis', 'interdum venenatis turpis enim blandit mi in porttitor pede justo eu massa donec dapibus duis at velit eu est congue elementum in hac', 3, 5, 1);
insert into feeds (id, userId, title, content, estimationId, categoryId, statusId) values (47, 1, 'aliquet massa id lobortis', 'leo odio porttitor id consequat in consequat ut nulla sed accumsan felis ut at dolor', 1, 4, 1);
insert into feeds (id, userId, title, content, estimationId, categoryId, statusId) values (48, 3, 'fusce posuere', 'leo odio condimentum id luctus nec molestie sed justo pellentesque viverra pede ac diam cras pellentesque volutpat dui maecenas tristique est et tempus semper est quam', 3, 5, 1);
insert into feeds (id, userId, title, content, estimationId, categoryId, statusId) values (49, 1, 'quam suspendisse potenti nullam porttitor', 'justo etiam pretium iaculis justo in hac habitasse platea dictumst etiam faucibus cursus urna ut tellus', 2, 5, 1);
insert into feeds (id, userId, title, content, estimationId, categoryId, statusId) values (50, 3, 'varius integer', 'neque aenean auctor gravida sem praesent id massa id nisl venenatis lacinia aenean sit amet justo morbi ut odio cras mi pede malesuada in imperdiet et commodo', 1, 3, 1);
insert into feeds (id, userId, title, content, estimationId, categoryId, statusId) values (51, 1, 'sit amet turpis elementum', 'augue vel accumsan tellus nisi eu orci mauris lacinia sapien quis libero nullam sit amet turpis elementum ligula vehicula consequat morbi', 3, 5, 1);
insert into feeds (id, userId, title, content, estimationId, categoryId, statusId) values (52, 1, 'tristique tortor', 'primis in faucibus orci luctus et ultrices posuere cubilia curae nulla dapibus dolor vel est donec odio justo sollicitudin', 1, 3, 1);
insert into feeds (id, userId, title, content, estimationId, categoryId, statusId) values (53, 10, 'vestibulum sed', 'ut at dolor quis odio consequat varius integer ac leo pellentesque', 1, 5, 1);
insert into feeds (id, userId, title, content, estimationId, categoryId, statusId) values (54, 6, 'eget tempus', 'justo etiam pretium iaculis justo in hac habitasse platea dictumst etiam faucibus cursus urna ut tellus nulla ut erat id mauris vulputate elementum', 1, 1, 1);
insert into feeds (id, userId, title, content, estimationId, categoryId, statusId) values (55, 3, 'integer non velit donec diam', 'id nulla ultrices aliquet maecenas leo odio condimentum id luctus nec molestie sed justo pellentesque viverra pede ac diam cras pellentesque volutpat dui maecenas tristique est et tempus semper est', 3, 5, 1);
insert into feeds (id, userId, title, content, estimationId, categoryId, statusId) values (56, 10, 'sit amet diam in', 'sollicitudin mi sit amet lobortis sapien sapien non mi integer', 1, 2, 1);
insert into feeds (id, userId, title, content, estimationId, categoryId, statusId) values (57, 1, 'vel pede morbi', 'dapibus duis at velit eu est congue elementum in hac habitasse platea dictumst morbi vestibulum velit id pretium iaculis diam erat', 2, 5, 1);
insert into feeds (id, userId, title, content, estimationId, categoryId, statusId) values (58, 10, 'dolor sit amet consectetuer adipiscing', 'turpis integer aliquet massa id lobortis convallis tortor risus dapibus augue vel accumsan tellus nisi eu orci mauris lacinia sapien quis libero nullam', 3, 4, 1);
insert into feeds (id, userId, title, content, estimationId, categoryId, statusId) values (59, 5, 'nulla tellus in sagittis dui', 'augue a suscipit nulla elit ac nulla sed vel enim sit amet nunc viverra dapibus nulla suscipit', 3, 5, 1);
insert into feeds (id, userId, title, content, estimationId, categoryId, statusId) values (60, 1, 'et eros vestibulum ac', 'faucibus orci luctus et ultrices posuere cubilia curae nulla dapibus dolor vel est donec odio justo sollicitudin ut suscipit a feugiat et', 1, 4, 1);
insert into feeds (id, userId, title, content, estimationId, categoryId, statusId) values (61, 1, 'erat quisque', 'augue aliquam erat volutpat in congue etiam justo etiam pretium iaculis justo in hac habitasse platea dictumst etiam faucibus cursus', 2, 2, 1);
insert into feeds (id, userId, title, content, estimationId, categoryId, statusId) values (62, 3, 'est risus auctor', 'purus phasellus in felis donec semper sapien a libero nam dui proin leo odio porttitor id consequat in consequat ut nulla', 2, 5, 1);
insert into feeds (id, userId, title, content, estimationId, categoryId, statusId) values (63, 5, 'diam in', 'volutpat eleifend donec ut dolor morbi vel lectus in quam fringilla rhoncus mauris enim leo rhoncus sed vestibulum sit amet', 2, 2, 1);
insert into feeds (id, userId, title, content, estimationId, categoryId, statusId) values (64, 5, 'sit amet lobortis', 'at vulputate vitae nisl aenean lectus pellentesque eget nunc donec quis orci eget', 1, 5, 1);
insert into feeds (id, userId, title, content, estimationId, categoryId, statusId) values (65, 5, 'molestie nibh', 'orci mauris lacinia sapien quis libero nullam sit amet turpis elementum ligula vehicula consequat morbi a ipsum', 1, 2, 1);
insert into feeds (id, userId, title, content, estimationId, categoryId, statusId) values (66, 1, 'auctor sed tristique in tempus', 'integer non velit donec diam neque vestibulum eget vulputate ut ultrices vel augue vestibulum ante ipsum primis in faucibus orci luctus', 1, 3, 1);
insert into feeds (id, userId, title, content, estimationId, categoryId, statusId) values (67, 8, 'tempus vel', 'vestibulum ante ipsum primis in faucibus orci luctus et ultrices posuere cubilia curae mauris viverra diam vitae quam suspendisse potenti nullam porttitor lacus at turpis donec posuere metus vitae', 1, 5, 1);
insert into feeds (id, userId, title, content, estimationId, categoryId, statusId) values (68, 3, 'mauris ullamcorper purus sit', 'fusce congue diam id ornare imperdiet sapien urna pretium nisl ut volutpat sapien arcu sed augue aliquam erat volutpat in congue etiam justo', 2, 2, 1);
insert into feeds (id, userId, title, content, estimationId, categoryId, statusId) values (69, 7, 'porttitor pede justo eu', 'non interdum in ante vestibulum ante ipsum primis in faucibus orci luctus et ultrices posuere cubilia curae duis faucibus accumsan', 1, 2, 1);
insert into feeds (id, userId, title, content, estimationId, categoryId, statusId) values (70, 9, 'montes nascetur ridiculus', 'vestibulum sit amet cursus id turpis integer aliquet massa id lobortis convallis tortor risus dapibus augue vel accumsan tellus nisi eu orci mauris lacinia sapien quis libero nullam sit amet', 1, 2, 1);
insert into feeds (id, userId, title, content, estimationId, categoryId, statusId) values (71, 7, 'justo morbi ut odio', 'ultrices posuere cubilia curae nulla dapibus dolor vel est donec odio justo sollicitudin ut suscipit a feugiat et eros vestibulum ac est lacinia nisi venenatis tristique', 2, 3, 1);
insert into feeds (id, userId, title, content, estimationId, categoryId, statusId) values (72, 6, 'nulla suscipit', 'etiam justo etiam pretium iaculis justo in hac habitasse platea dictumst etiam faucibus cursus urna ut tellus nulla ut erat id mauris vulputate elementum nullam varius nulla', 2, 5, 1);
insert into feeds (id, userId, title, content, estimationId, categoryId, statusId) values (73, 1, 'tristique in tempus sit amet', 'id turpis integer aliquet massa id lobortis convallis tortor risus dapibus augue vel accumsan tellus nisi eu orci mauris lacinia sapien quis libero nullam sit amet turpis elementum', 2, 5, 1);
insert into feeds (id, userId, title, content, estimationId, categoryId, statusId) values (74, 3, 'eu nibh quisque id', 'amet sapien dignissim vestibulum vestibulum ante ipsum primis in faucibus orci luctus et ultrices posuere cubilia curae nulla dapibus dolor vel est', 3, 1, 1);
insert into feeds (id, userId, title, content, estimationId, categoryId, statusId) values (75, 3, 'integer ac neque', 'mi integer ac neque duis bibendum morbi non quam nec dui luctus rutrum nulla tellus in sagittis dui vel nisl duis ac nibh fusce lacus', 3, 4, 1);
insert into feeds (id, userId, title, content, estimationId, categoryId, statusId) values (76, 2, 'in sagittis dui', 'curae nulla dapibus dolor vel est donec odio justo sollicitudin ut suscipit a feugiat et eros vestibulum ac est lacinia nisi venenatis tristique fusce congue diam id ornare imperdiet', 3, 2, 1);
insert into feeds (id, userId, title, content, estimationId, categoryId, statusId) values (77, 2, 'rhoncus mauris', 'ac nulla sed vel enim sit amet nunc viverra dapibus nulla suscipit ligula in lacus curabitur at', 2, 1, 1);
insert into feeds (id, userId, title, content, estimationId, categoryId, statusId) values (78, 9, 'in faucibus orci luctus et', 'lectus suspendisse potenti in eleifend quam a odio in hac habitasse platea dictumst maecenas ut massa quis augue luctus', 1, 3, 1);
insert into feeds (id, userId, title, content, estimationId, categoryId, statusId) values (79, 7, 'vestibulum vestibulum ante', 'pede malesuada in imperdiet et commodo vulputate justo in blandit ultrices', 1, 3, 1);
insert into feeds (id, userId, title, content, estimationId, categoryId, statusId) values (80, 4, 'vulputate elementum nullam varius', 'maecenas leo odio condimentum id luctus nec molestie sed justo pellentesque viverra pede ac diam cras pellentesque volutpat dui', 2, 2, 1);
insert into feeds (id, userId, title, content, estimationId, categoryId, statusId) values (81, 10, 'lectus aliquam', 'porttitor id consequat in consequat ut nulla sed accumsan felis ut at dolor quis odio consequat varius integer ac leo pellentesque ultrices mattis odio donec vitae nisi nam ultrices', 3, 2, 1);
insert into feeds (id, userId, title, content, estimationId, categoryId, statusId) values (82, 9, 'fusce lacus purus aliquet', 'gravida nisi at nibh in hac habitasse platea dictumst aliquam augue quam sollicitudin vitae consectetuer eget rutrum at lorem integer tincidunt ante vel ipsum praesent', 3, 3, 1);
insert into feeds (id, userId, title, content, estimationId, categoryId, statusId) values (83, 7, 'donec ut dolor morbi', 'venenatis lacinia aenean sit amet justo morbi ut odio cras mi pede malesuada in imperdiet et commodo vulputate justo in blandit ultrices enim lorem ipsum dolor sit amet consectetuer', 3, 4, 1);
insert into feeds (id, userId, title, content, estimationId, categoryId, statusId) values (84, 2, 'amet erat nulla tempus vivamus', 'sed nisl nunc rhoncus dui vel sem sed sagittis nam congue risus semper porta volutpat quam pede lobortis ligula sit amet eleifend pede', 1, 2, 1);
insert into feeds (id, userId, title, content, estimationId, categoryId, statusId) values (85, 2, 'volutpat convallis morbi odio odio', 'dui vel sem sed sagittis nam congue risus semper porta volutpat quam pede lobortis ligula sit amet eleifend pede libero quis orci nullam', 3, 4, 1);
insert into feeds (id, userId, title, content, estimationId, categoryId, statusId) values (86, 9, 'felis ut at dolor quis', 'mus vivamus vestibulum sagittis sapien cum sociis natoque penatibus et magnis dis parturient montes nascetur ridiculus mus etiam vel augue vestibulum rutrum rutrum neque aenean auctor gravida sem praesent', 3, 1, 1);
insert into feeds (id, userId, title, content, estimationId, categoryId, statusId) values (87, 5, 'duis mattis egestas', 'turpis sed ante vivamus tortor duis mattis egestas metus aenean fermentum donec ut mauris eget massa tempor convallis nulla neque libero convallis eget eleifend luctus ultricies eu', 1, 5, 1);
insert into feeds (id, userId, title, content, estimationId, categoryId, statusId) values (88, 2, 'integer tincidunt', 'sagittis nam congue risus semper porta volutpat quam pede lobortis ligula sit amet eleifend pede libero quis orci nullam molestie nibh in lectus', 1, 1, 1);
insert into feeds (id, userId, title, content, estimationId, categoryId, statusId) values (89, 7, 'pellentesque ultrices mattis odio donec', 'montes nascetur ridiculus mus vivamus vestibulum sagittis sapien cum sociis natoque penatibus et magnis dis', 3, 5, 1);
insert into feeds (id, userId, title, content, estimationId, categoryId, statusId) values (90, 3, 'id turpis integer aliquet massa', 'justo nec condimentum neque sapien placerat ante nulla justo aliquam quis turpis eget elit sodales scelerisque mauris sit amet eros suspendisse accumsan tortor quis turpis', 1, 2, 1);
insert into feeds (id, userId, title, content, estimationId, categoryId, statusId) values (91, 8, 'nibh in', 'magna vestibulum aliquet ultrices erat tortor sollicitudin mi sit amet lobortis sapien sapien non mi', 3, 4, 1);
insert into feeds (id, userId, title, content, estimationId, categoryId, statusId) values (92, 5, 'morbi non lectus aliquam', 'lectus suspendisse potenti in eleifend quam a odio in hac habitasse platea dictumst maecenas ut massa quis augue luctus tincidunt nulla mollis molestie lorem quisque ut erat curabitur gravida', 3, 1, 1);
insert into feeds (id, userId, title, content, estimationId, categoryId, statusId) values (93, 1, 'leo odio', 'eros suspendisse accumsan tortor quis turpis sed ante vivamus tortor duis mattis egestas metus aenean fermentum donec ut mauris eget massa tempor convallis nulla neque libero convallis eget eleifend luctus', 3, 1, 1);
insert into feeds (id, userId, title, content, estimationId, categoryId, statusId) values (94, 5, 'viverra diam vitae quam suspendisse', 'elementum eu interdum eu tincidunt in leo maecenas pulvinar lobortis est phasellus sit amet erat nulla tempus vivamus', 3, 4, 1);
insert into feeds (id, userId, title, content, estimationId, categoryId, statusId) values (95, 9, 'donec diam neque', 'dis parturient montes nascetur ridiculus mus vivamus vestibulum sagittis sapien cum', 2, 2, 1);
insert into feeds (id, userId, title, content, estimationId, categoryId, statusId) values (96, 10, 'vulputate luctus cum sociis', 'bibendum morbi non quam nec dui luctus rutrum nulla tellus in sagittis dui vel nisl duis ac nibh fusce lacus', 3, 2, 1);
insert into feeds (id, userId, title, content, estimationId, categoryId, statusId) values (97, 7, 'sapien iaculis congue', 'molestie sed justo pellentesque viverra pede ac diam cras pellentesque volutpat dui maecenas tristique est', 1, 2, 1);
insert into feeds (id, userId, title, content, estimationId, categoryId, statusId) values (98, 8, 'et ultrices posuere cubilia curae', 'at vulputate vitae nisl aenean lectus pellentesque eget nunc donec quis orci eget', 1, 2, 1);
insert into feeds (id, userId, title, content, estimationId, categoryId, statusId) values (99, 4, 'cras pellentesque', 'consequat morbi a ipsum integer a nibh in quis justo maecenas rhoncus aliquam lacus morbi quis tortor id nulla ultrices aliquet maecenas', 3, 1, 1);
insert into feeds (id, userId, title, content, estimationId, categoryId, statusId) values (100, 7, 'sodales scelerisque mauris sit amet', 'non velit nec nisi vulputate nonummy maecenas tincidunt lacus at', 3, 1, 1);


insert into feed_uploadFiles (id, feedId, uploadFilesId) values (1, 1, 1);
insert into feed_uploadFiles (id, feedId, uploadFilesId) values (2, 2, 2);
insert into feed_uploadFiles (id, feedId, uploadFilesId) values (3, 3, 3);
insert into feed_uploadFiles (id, feedId, uploadFilesId) values (4, 4, 4);
insert into feed_uploadFiles (id, feedId, uploadFilesId) values (5, 5, 5);
insert into feed_uploadFiles (id, feedId, uploadFilesId) values (6, 6, 6);
insert into feed_uploadFiles (id, feedId, uploadFilesId) values (7, 7, 7);
insert into feed_uploadFiles (id, feedId, uploadFilesId) values (8, 8, 8);
insert into feed_uploadFiles (id, feedId, uploadFilesId) values (9, 9, 9);
insert into feed_uploadFiles (id, feedId, uploadFilesId) values (10, 10, 10);
insert into feed_uploadFiles (id, feedId, uploadFilesId) values (11, 11, 11);
insert into feed_uploadFiles (id, feedId, uploadFilesId) values (12, 12, 12);
insert into feed_uploadFiles (id, feedId, uploadFilesId) values (13, 13, 13);
insert into feed_uploadFiles (id, feedId, uploadFilesId) values (14, 14, 14);
insert into feed_uploadFiles (id, feedId, uploadFilesId) values (15, 15, 15);
insert into feed_uploadFiles (id, feedId, uploadFilesId) values (16, 16, 16);
insert into feed_uploadFiles (id, feedId, uploadFilesId) values (17, 17, 17);
insert into feed_uploadFiles (id, feedId, uploadFilesId) values (18, 18, 18);
insert into feed_uploadFiles (id, feedId, uploadFilesId) values (19, 19, 19);
insert into feed_uploadFiles (id, feedId, uploadFilesId) values (20, 20, 20);
insert into feed_uploadFiles (id, feedId, uploadFilesId) values (21, 21, 21);
insert into feed_uploadFiles (id, feedId, uploadFilesId) values (22, 22, 22);
insert into feed_uploadFiles (id, feedId, uploadFilesId) values (23, 23, 23);
insert into feed_uploadFiles (id, feedId, uploadFilesId) values (24, 24, 24);
insert into feed_uploadFiles (id, feedId, uploadFilesId) values (25, 25, 25);
insert into feed_uploadFiles (id, feedId, uploadFilesId) values (26, 26, 26);
insert into feed_uploadFiles (id, feedId, uploadFilesId) values (27, 27, 27);
insert into feed_uploadFiles (id, feedId, uploadFilesId) values (28, 28, 28);
insert into feed_uploadFiles (id, feedId, uploadFilesId) values (29, 29, 29);
insert into feed_uploadFiles (id, feedId, uploadFilesId) values (30, 30, 30);
insert into feed_uploadFiles (id, feedId, uploadFilesId) values (31, 31, 31);
insert into feed_uploadFiles (id, feedId, uploadFilesId) values (32, 32, 32);
insert into feed_uploadFiles (id, feedId, uploadFilesId) values (33, 33, 33);
insert into feed_uploadFiles (id, feedId, uploadFilesId) values (34, 34, 34);
insert into feed_uploadFiles (id, feedId, uploadFilesId) values (35, 35, 35);
insert into feed_uploadFiles (id, feedId, uploadFilesId) values (36, 36, 36);
insert into feed_uploadFiles (id, feedId, uploadFilesId) values (37, 37, 37);
insert into feed_uploadFiles (id, feedId, uploadFilesId) values (38, 38, 38);
insert into feed_uploadFiles (id, feedId, uploadFilesId) values (39, 39, 39);
insert into feed_uploadFiles (id, feedId, uploadFilesId) values (40, 40, 40);
insert into feed_uploadFiles (id, feedId, uploadFilesId) values (41, 41, 41);
insert into feed_uploadFiles (id, feedId, uploadFilesId) values (42, 42, 42);
insert into feed_uploadFiles (id, feedId, uploadFilesId) values (43, 43, 43);
insert into feed_uploadFiles (id, feedId, uploadFilesId) values (44, 44, 44);
insert into feed_uploadFiles (id, feedId, uploadFilesId) values (45, 45, 45);
insert into feed_uploadFiles (id, feedId, uploadFilesId) values (46, 46, 46);
insert into feed_uploadFiles (id, feedId, uploadFilesId) values (47, 47, 47);
insert into feed_uploadFiles (id, feedId, uploadFilesId) values (48, 48, 48);
insert into feed_uploadFiles (id, feedId, uploadFilesId) values (49, 49, 49);
insert into feed_uploadFiles (id, feedId, uploadFilesId) values (50, 50, 50);
insert into feed_uploadFiles (id, feedId, uploadFilesId) values (51, 51, 51);
insert into feed_uploadFiles (id, feedId, uploadFilesId) values (52, 52, 52);
insert into feed_uploadFiles (id, feedId, uploadFilesId) values (53, 53, 53);
insert into feed_uploadFiles (id, feedId, uploadFilesId) values (54, 54, 54);
insert into feed_uploadFiles (id, feedId, uploadFilesId) values (55, 55, 55);
insert into feed_uploadFiles (id, feedId, uploadFilesId) values (56, 56, 56);
insert into feed_uploadFiles (id, feedId, uploadFilesId) values (57, 57, 57);
insert into feed_uploadFiles (id, feedId, uploadFilesId) values (58, 58, 58);
insert into feed_uploadFiles (id, feedId, uploadFilesId) values (59, 59, 59);
insert into feed_uploadFiles (id, feedId, uploadFilesId) values (60, 60, 60);
insert into feed_uploadFiles (id, feedId, uploadFilesId) values (61, 61, 61);
insert into feed_uploadFiles (id, feedId, uploadFilesId) values (62, 62, 62);
insert into feed_uploadFiles (id, feedId, uploadFilesId) values (63, 63, 63);
insert into feed_uploadFiles (id, feedId, uploadFilesId) values (64, 64, 64);
insert into feed_uploadFiles (id, feedId, uploadFilesId) values (65, 65, 65);
insert into feed_uploadFiles (id, feedId, uploadFilesId) values (66, 66, 66);
insert into feed_uploadFiles (id, feedId, uploadFilesId) values (67, 67, 67);
insert into feed_uploadFiles (id, feedId, uploadFilesId) values (68, 68, 68);
insert into feed_uploadFiles (id, feedId, uploadFilesId) values (69, 69, 69);
insert into feed_uploadFiles (id, feedId, uploadFilesId) values (70, 70, 70);
insert into feed_uploadFiles (id, feedId, uploadFilesId) values (71, 71, 71);
insert into feed_uploadFiles (id, feedId, uploadFilesId) values (72, 72, 72);
insert into feed_uploadFiles (id, feedId, uploadFilesId) values (73, 73, 73);
insert into feed_uploadFiles (id, feedId, uploadFilesId) values (74, 74, 74);
insert into feed_uploadFiles (id, feedId, uploadFilesId) values (75, 75, 75);
insert into feed_uploadFiles (id, feedId, uploadFilesId) values (76, 76, 76);
insert into feed_uploadFiles (id, feedId, uploadFilesId) values (77, 77, 77);
insert into feed_uploadFiles (id, feedId, uploadFilesId) values (78, 78, 78);
insert into feed_uploadFiles (id, feedId, uploadFilesId) values (79, 79, 79);
insert into feed_uploadFiles (id, feedId, uploadFilesId) values (80, 80, 80);
insert into feed_uploadFiles (id, feedId, uploadFilesId) values (81, 81, 81);
insert into feed_uploadFiles (id, feedId, uploadFilesId) values (82, 82, 82);
insert into feed_uploadFiles (id, feedId, uploadFilesId) values (83, 83, 83);
insert into feed_uploadFiles (id, feedId, uploadFilesId) values (84, 84, 84);
insert into feed_uploadFiles (id, feedId, uploadFilesId) values (85, 85, 85);
insert into feed_uploadFiles (id, feedId, uploadFilesId) values (86, 86, 86);
insert into feed_uploadFiles (id, feedId, uploadFilesId) values (87, 87, 87);
insert into feed_uploadFiles (id, feedId, uploadFilesId) values (88, 88, 88);
insert into feed_uploadFiles (id, feedId, uploadFilesId) values (89, 89, 89);
insert into feed_uploadFiles (id, feedId, uploadFilesId) values (90, 90, 90);
insert into feed_uploadFiles (id, feedId, uploadFilesId) values (91, 91, 91);
insert into feed_uploadFiles (id, feedId, uploadFilesId) values (92, 92, 92);
insert into feed_uploadFiles (id, feedId, uploadFilesId) values (93, 93, 93);
insert into feed_uploadFiles (id, feedId, uploadFilesId) values (94, 94, 94);
insert into feed_uploadFiles (id, feedId, uploadFilesId) values (95, 95, 95);
insert into feed_uploadFiles (id, feedId, uploadFilesId) values (96, 96, 96);
insert into feed_uploadFiles (id, feedId, uploadFilesId) values (97, 97, 97);
insert into feed_uploadFiles (id, feedId, uploadFilesId) values (98, 98, 98);
insert into feed_uploadFiles (id, feedId, uploadFilesId) values (99, 99, 99);
insert into feed_uploadFiles (id, feedId, uploadFilesId) values (100, 100, 100);

insert into comments (id, comment, is_private, userId, feedId) values (1, 'metus vitae', 0, 2, 56);
insert into comments (id, comment, is_private, userId, feedId) values (2, 'nibh fusce lacus', 1, 9, 24);
insert into comments (id, comment, is_private, userId, feedId) values (3, 'pede justo eu massa', 0, 6, 39);
insert into comments (id, comment, is_private, userId, feedId) values (4, 'nec dui luctus', 0, 3, 58);
insert into comments (id, comment, is_private, userId, feedId) values (5, 'luctus ultricies eu nibh', 0, 4, 5);
insert into comments (id, comment, is_private, userId, feedId) values (6, 'congue risus', 1, 5, 78);
insert into comments (id, comment, is_private, userId, feedId) values (7, 'quam pharetra magna', 1, 3, 78);
insert into comments (id, comment, is_private, userId, feedId) values (8, 'tortor id', 0, 3, 16);
insert into comments (id, comment, is_private, userId, feedId) values (9, 'id consequat', 0, 9, 37);
insert into comments (id, comment, is_private, userId, feedId) values (10, 'felis eu sapien cursus', 0, 7, 1);
insert into comments (id, comment, is_private, userId, feedId) values (11, 'proin leo odio porttitor', 1, 6, 54);
insert into comments (id, comment, is_private, userId, feedId) values (12, 'eu massa', 0, 3, 78);
insert into comments (id, comment, is_private, userId, feedId) values (13, 'praesent lectus vestibulum quam', 1, 3, 85);
insert into comments (id, comment, is_private, userId, feedId) values (14, 'dapibus nulla suscipit', 0, 9, 90);
insert into comments (id, comment, is_private, userId, feedId) values (15, 'tortor id nulla ultrices', 0, 5, 67);
insert into comments (id, comment, is_private, userId, feedId) values (16, 'duis faucibus accumsan', 1, 4, 90);
insert into comments (id, comment, is_private, userId, feedId) values (17, 'aliquam convallis nunc proin', 1, 4, 34);
insert into comments (id, comment, is_private, userId, feedId) values (18, 'leo pellentesque ultrices', 0, 7, 62);
insert into comments (id, comment, is_private, userId, feedId) values (19, 'sem fusce', 0, 5, 98);
insert into comments (id, comment, is_private, userId, feedId) values (20, 'justo pellentesque viverra', 0, 1, 17);
insert into comments (id, comment, is_private, userId, feedId) values (21, 'massa id nisl', 0, 3, 97);
insert into comments (id, comment, is_private, userId, feedId) values (22, 'dui vel', 1, 3, 24);
insert into comments (id, comment, is_private, userId, feedId) values (23, 'risus dapibus augue vel', 1, 5, 58);
insert into comments (id, comment, is_private, userId, feedId) values (24, 'rutrum nulla', 1, 1, 97);
insert into comments (id, comment, is_private, userId, feedId) values (25, 'sapien cursus vestibulum proin', 1, 1, 93);
insert into comments (id, comment, is_private, userId, feedId) values (26, 'purus sit', 0, 6, 95);
insert into comments (id, comment, is_private, userId, feedId) values (27, 'feugiat et eros', 1, 1, 46);
insert into comments (id, comment, is_private, userId, feedId) values (28, 'varius ut', 1, 9, 92);
insert into comments (id, comment, is_private, userId, feedId) values (29, 'mauris ullamcorper', 1, 9, 16);
insert into comments (id, comment, is_private, userId, feedId) values (30, 'sapien arcu sed augue', 0, 4, 24);
insert into comments (id, comment, is_private, userId, feedId) values (31, 'diam erat fermentum justo', 0, 2, 46);
insert into comments (id, comment, is_private, userId, feedId) values (32, 'justo morbi ut', 0, 8, 35);
insert into comments (id, comment, is_private, userId, feedId) values (33, 'leo rhoncus', 1, 4, 52);
insert into comments (id, comment, is_private, userId, feedId) values (34, 'eget elit sodales scelerisque', 1, 1, 5);
insert into comments (id, comment, is_private, userId, feedId) values (35, 'sed vel', 0, 9, 11);
insert into comments (id, comment, is_private, userId, feedId) values (36, 'lectus pellentesque eget nunc', 0, 7, 22);
insert into comments (id, comment, is_private, userId, feedId) values (37, 'curabitur at', 1, 2, 47);
insert into comments (id, comment, is_private, userId, feedId) values (38, 'nunc nisl', 1, 2, 88);
insert into comments (id, comment, is_private, userId, feedId) values (39, 'ut massa volutpat convallis', 1, 9, 99);
insert into comments (id, comment, is_private, userId, feedId) values (40, 'leo odio condimentum', 1, 5, 94);
insert into comments (id, comment, is_private, userId, feedId) values (41, 'mauris lacinia sapien', 1, 2, 13);
insert into comments (id, comment, is_private, userId, feedId) values (42, 'sem sed sagittis nam', 1, 10, 31);
insert into comments (id, comment, is_private, userId, feedId) values (43, 'turpis sed ante', 1, 1, 6);
insert into comments (id, comment, is_private, userId, feedId) values (44, 'turpis integer aliquet massa', 1, 2, 9);
insert into comments (id, comment, is_private, userId, feedId) values (45, 'mauris vulputate elementum nullam', 0, 5, 54);
insert into comments (id, comment, is_private, userId, feedId) values (46, 'at velit eu', 1, 8, 62);
insert into comments (id, comment, is_private, userId, feedId) values (47, 'ligula pellentesque ultrices', 0, 1, 90);
insert into comments (id, comment, is_private, userId, feedId) values (48, 'tellus nisi eu orci', 0, 8, 86);
insert into comments (id, comment, is_private, userId, feedId) values (49, 'erat volutpat in', 1, 4, 66);
insert into comments (id, comment, is_private, userId, feedId) values (50, 'porttitor id consequat', 0, 5, 74);
insert into comments (id, comment, is_private, userId, feedId) values (51, 'ultrices posuere', 0, 3, 58);
insert into comments (id, comment, is_private, userId, feedId) values (52, 'felis donec semper sapien', 0, 2, 22);
insert into comments (id, comment, is_private, userId, feedId) values (53, 'amet eros suspendisse accumsan', 0, 8, 38);
insert into comments (id, comment, is_private, userId, feedId) values (54, 'sapien cursus vestibulum proin', 0, 8, 95);
insert into comments (id, comment, is_private, userId, feedId) values (55, 'semper interdum', 1, 10, 35);
insert into comments (id, comment, is_private, userId, feedId) values (56, 'auctor gravida sem', 0, 8, 81);
insert into comments (id, comment, is_private, userId, feedId) values (57, 'congue etiam', 1, 7, 92);
insert into comments (id, comment, is_private, userId, feedId) values (58, 'luctus tincidunt nulla', 0, 2, 67);
insert into comments (id, comment, is_private, userId, feedId) values (59, 'purus phasellus', 0, 5, 47);
insert into comments (id, comment, is_private, userId, feedId) values (60, 'venenatis tristique', 0, 3, 75);
insert into comments (id, comment, is_private, userId, feedId) values (61, 'auctor gravida sem', 0, 5, 9);
insert into comments (id, comment, is_private, userId, feedId) values (62, 'vestibulum ante ipsum', 0, 3, 11);
insert into comments (id, comment, is_private, userId, feedId) values (63, 'parturient montes', 1, 1, 24);
insert into comments (id, comment, is_private, userId, feedId) values (64, 'vitae nisl aenean', 1, 4, 9);
insert into comments (id, comment, is_private, userId, feedId) values (65, 'sit amet justo morbi', 0, 2, 21);
insert into comments (id, comment, is_private, userId, feedId) values (66, 'habitasse platea', 1, 7, 23);
insert into comments (id, comment, is_private, userId, feedId) values (67, 'sem sed', 1, 5, 6);
insert into comments (id, comment, is_private, userId, feedId) values (68, 'vestibulum ante', 0, 5, 10);
insert into comments (id, comment, is_private, userId, feedId) values (69, 'cras mi', 0, 2, 56);
insert into comments (id, comment, is_private, userId, feedId) values (70, 'ac neque', 0, 8, 40);
insert into comments (id, comment, is_private, userId, feedId) values (71, 'in quis justo', 0, 9, 60);
insert into comments (id, comment, is_private, userId, feedId) values (72, 'at velit vivamus vel', 1, 1, 94);
insert into comments (id, comment, is_private, userId, feedId) values (73, 'viverra eget', 1, 5, 59);
insert into comments (id, comment, is_private, userId, feedId) values (74, 'imperdiet et commodo vulputate', 0, 7, 45);
insert into comments (id, comment, is_private, userId, feedId) values (75, 'rutrum rutrum neque aenean', 0, 8, 61);
insert into comments (id, comment, is_private, userId, feedId) values (76, 'eros elementum', 0, 1, 35);
insert into comments (id, comment, is_private, userId, feedId) values (77, 'condimentum neque', 1, 4, 74);
insert into comments (id, comment, is_private, userId, feedId) values (78, 'pede malesuada', 0, 7, 50);
insert into comments (id, comment, is_private, userId, feedId) values (79, 'erat quisque erat eros', 0, 8, 63);
insert into comments (id, comment, is_private, userId, feedId) values (80, 'et commodo vulputate', 1, 8, 34);
insert into comments (id, comment, is_private, userId, feedId) values (81, 'praesent blandit lacinia', 0, 8, 19);
insert into comments (id, comment, is_private, userId, feedId) values (82, 'consequat in', 0, 4, 11);
insert into comments (id, comment, is_private, userId, feedId) values (83, 'luctus cum', 1, 7, 63);
insert into comments (id, comment, is_private, userId, feedId) values (84, 'eu massa donec dapibus', 0, 10, 31);
insert into comments (id, comment, is_private, userId, feedId) values (85, 'etiam justo etiam pretium', 0, 8, 33);
insert into comments (id, comment, is_private, userId, feedId) values (86, 'amet sem fusce consequat', 1, 1, 93);
insert into comments (id, comment, is_private, userId, feedId) values (87, 'cursus urna', 1, 7, 50);
insert into comments (id, comment, is_private, userId, feedId) values (88, 'ante ipsum primis', 1, 3, 44);
insert into comments (id, comment, is_private, userId, feedId) values (89, 'amet justo morbi ut', 1, 4, 11);
insert into comments (id, comment, is_private, userId, feedId) values (90, 'suscipit nulla elit', 1, 10, 34);
insert into comments (id, comment, is_private, userId, feedId) values (91, 'in tempor turpis', 1, 3, 61);
insert into comments (id, comment, is_private, userId, feedId) values (92, 'hac habitasse', 0, 10, 99);
insert into comments (id, comment, is_private, userId, feedId) values (93, 'in faucibus', 1, 7, 83);
insert into comments (id, comment, is_private, userId, feedId) values (94, 'aenean fermentum donec', 1, 1, 41);
insert into comments (id, comment, is_private, userId, feedId) values (95, 'nulla tellus in sagittis', 0, 3, 96);
insert into comments (id, comment, is_private, userId, feedId) values (96, 'iaculis congue', 1, 2, 90);
insert into comments (id, comment, is_private, userId, feedId) values (97, 'turpis sed ante vivamus', 0, 9, 1);
insert into comments (id, comment, is_private, userId, feedId) values (98, 'consequat nulla nisl', 1, 4, 28);
insert into comments (id, comment, is_private, userId, feedId) values (99, 'pellentesque volutpat dui', 1, 1, 44);
insert into comments (id, comment, is_private, userId, feedId) values (100, 'interdum mauris', 0, 10, 56);
insert into comments (id, comment, is_private, userId, feedId) values (101, 'natoque penatibus', 1, 4, 44);
insert into comments (id, comment, is_private, userId, feedId) values (102, 'tristique tortor eu pede', 0, 8, 71);
insert into comments (id, comment, is_private, userId, feedId) values (103, 'duis at', 1, 4, 51);
insert into comments (id, comment, is_private, userId, feedId) values (104, 'duis consequat', 0, 3, 100);
insert into comments (id, comment, is_private, userId, feedId) values (105, 'primis in', 0, 10, 10);
insert into comments (id, comment, is_private, userId, feedId) values (106, 'neque libero', 1, 9, 24);
insert into comments (id, comment, is_private, userId, feedId) values (107, 'aliquet pulvinar sed nisl', 1, 6, 62);
insert into comments (id, comment, is_private, userId, feedId) values (108, 'suscipit a feugiat et', 0, 6, 83);
insert into comments (id, comment, is_private, userId, feedId) values (109, 'suscipit a feugiat et', 1, 6, 39);
insert into comments (id, comment, is_private, userId, feedId) values (110, 'nec molestie', 1, 6, 46);
insert into comments (id, comment, is_private, userId, feedId) values (111, 'turpis adipiscing lorem vitae', 0, 8, 52);
insert into comments (id, comment, is_private, userId, feedId) values (112, 'felis fusce posuere felis', 1, 1, 34);
insert into comments (id, comment, is_private, userId, feedId) values (113, 'primis in faucibus orci', 0, 7, 31);
insert into comments (id, comment, is_private, userId, feedId) values (114, 'libero quis orci nullam', 1, 1, 68);
insert into comments (id, comment, is_private, userId, feedId) values (115, 'vel est', 0, 6, 66);
insert into comments (id, comment, is_private, userId, feedId) values (116, 'magnis dis parturient', 1, 9, 58);
insert into comments (id, comment, is_private, userId, feedId) values (117, 'etiam faucibus cursus urna', 1, 1, 4);
insert into comments (id, comment, is_private, userId, feedId) values (118, 'pharetra magna ac', 1, 1, 54);
insert into comments (id, comment, is_private, userId, feedId) values (119, 'sed interdum venenatis', 0, 3, 58);
insert into comments (id, comment, is_private, userId, feedId) values (120, 'velit vivamus', 1, 9, 35);
insert into comments (id, comment, is_private, userId, feedId) values (121, 'nunc vestibulum ante', 1, 1, 4);
insert into comments (id, comment, is_private, userId, feedId) values (122, 'velit donec diam neque', 1, 7, 19);
insert into comments (id, comment, is_private, userId, feedId) values (123, 'posuere felis', 0, 5, 25);
insert into comments (id, comment, is_private, userId, feedId) values (124, 'nulla tempus', 1, 3, 64);
insert into comments (id, comment, is_private, userId, feedId) values (125, 'consectetuer eget rutrum', 1, 6, 67);
insert into comments (id, comment, is_private, userId, feedId) values (126, 'quisque porta volutpat', 1, 9, 92);
insert into comments (id, comment, is_private, userId, feedId) values (127, 'eget orci vehicula', 0, 1, 39);
insert into comments (id, comment, is_private, userId, feedId) values (128, 'dolor quis', 0, 4, 46);
insert into comments (id, comment, is_private, userId, feedId) values (129, 'donec ut', 0, 6, 95);
insert into comments (id, comment, is_private, userId, feedId) values (130, 'nulla pede', 0, 1, 8);
insert into comments (id, comment, is_private, userId, feedId) values (131, 'dolor vel est', 0, 6, 32);
insert into comments (id, comment, is_private, userId, feedId) values (132, 'sed tincidunt eu felis', 1, 4, 68);
insert into comments (id, comment, is_private, userId, feedId) values (133, 'in hac habitasse', 0, 9, 44);
insert into comments (id, comment, is_private, userId, feedId) values (134, 'libero non mattis pulvinar', 1, 5, 72);
insert into comments (id, comment, is_private, userId, feedId) values (135, 'proin eu mi nulla', 1, 3, 88);
insert into comments (id, comment, is_private, userId, feedId) values (136, 'mauris vulputate', 0, 6, 86);
insert into comments (id, comment, is_private, userId, feedId) values (137, 'sapien cum sociis', 0, 7, 53);
insert into comments (id, comment, is_private, userId, feedId) values (138, 'gravida sem', 1, 7, 32);
insert into comments (id, comment, is_private, userId, feedId) values (139, 'et ultrices posuere cubilia', 1, 9, 98);
insert into comments (id, comment, is_private, userId, feedId) values (140, 'lorem id', 1, 1, 73);
insert into comments (id, comment, is_private, userId, feedId) values (141, 'nulla elit ac nulla', 1, 8, 36);
insert into comments (id, comment, is_private, userId, feedId) values (142, 'nisi at', 0, 9, 64);
insert into comments (id, comment, is_private, userId, feedId) values (143, 'erat curabitur gravida nisi', 0, 8, 4);
insert into comments (id, comment, is_private, userId, feedId) values (144, 'non mi integer', 1, 9, 11);
insert into comments (id, comment, is_private, userId, feedId) values (145, 'primis in faucibus orci', 0, 4, 56);
insert into comments (id, comment, is_private, userId, feedId) values (146, 'at nulla', 0, 9, 57);
insert into comments (id, comment, is_private, userId, feedId) values (147, 'tempor turpis', 0, 3, 66);
insert into comments (id, comment, is_private, userId, feedId) values (148, 'nullam porttitor', 0, 3, 28);
insert into comments (id, comment, is_private, userId, feedId) values (149, 'augue vel accumsan tellus', 0, 5, 32);
insert into comments (id, comment, is_private, userId, feedId) values (150, 'justo morbi', 0, 9, 6);
insert into comments (id, comment, is_private, userId, feedId) values (151, 'vel nulla', 0, 1, 28);
insert into comments (id, comment, is_private, userId, feedId) values (152, 'suscipit ligula in', 0, 8, 89);
insert into comments (id, comment, is_private, userId, feedId) values (153, 'suspendisse ornare', 1, 7, 5);
insert into comments (id, comment, is_private, userId, feedId) values (154, 'lacus at velit vivamus', 1, 6, 5);
insert into comments (id, comment, is_private, userId, feedId) values (155, 'bibendum morbi non', 1, 10, 19);
insert into comments (id, comment, is_private, userId, feedId) values (156, 'nisl duis bibendum', 1, 7, 31);
insert into comments (id, comment, is_private, userId, feedId) values (157, 'volutpat convallis', 0, 7, 35);
insert into comments (id, comment, is_private, userId, feedId) values (158, 'porttitor id consequat in', 1, 9, 75);
insert into comments (id, comment, is_private, userId, feedId) values (159, 'morbi a ipsum integer', 1, 1, 23);
insert into comments (id, comment, is_private, userId, feedId) values (160, 'convallis duis', 0, 1, 35);
insert into comments (id, comment, is_private, userId, feedId) values (161, 'orci mauris', 1, 2, 51);
insert into comments (id, comment, is_private, userId, feedId) values (162, 'vestibulum quam', 1, 8, 38);
insert into comments (id, comment, is_private, userId, feedId) values (163, 'sollicitudin ut suscipit', 0, 7, 2);
insert into comments (id, comment, is_private, userId, feedId) values (164, 'montes nascetur ridiculus', 1, 7, 7);
insert into comments (id, comment, is_private, userId, feedId) values (165, 'mi sit amet', 0, 1, 11);
insert into comments (id, comment, is_private, userId, feedId) values (166, 'ut massa', 0, 10, 72);
insert into comments (id, comment, is_private, userId, feedId) values (167, 'in magna bibendum imperdiet', 0, 10, 11);
insert into comments (id, comment, is_private, userId, feedId) values (168, 'odio condimentum id', 0, 7, 2);
insert into comments (id, comment, is_private, userId, feedId) values (169, 'eros elementum pellentesque quisque', 0, 7, 81);
insert into comments (id, comment, is_private, userId, feedId) values (170, 'nibh fusce lacus', 1, 2, 22);
insert into comments (id, comment, is_private, userId, feedId) values (171, 'amet justo', 0, 9, 43);
insert into comments (id, comment, is_private, userId, feedId) values (172, 'nunc proin at', 1, 2, 59);
insert into comments (id, comment, is_private, userId, feedId) values (173, 'morbi vestibulum velit', 0, 5, 66);
insert into comments (id, comment, is_private, userId, feedId) values (174, 'sit amet nulla', 0, 1, 19);
insert into comments (id, comment, is_private, userId, feedId) values (175, 'in hac habitasse platea', 1, 9, 48);
insert into comments (id, comment, is_private, userId, feedId) values (176, 'nibh fusce lacus purus', 1, 5, 65);
insert into comments (id, comment, is_private, userId, feedId) values (177, 'neque libero', 0, 1, 31);
insert into comments (id, comment, is_private, userId, feedId) values (178, 'dolor sit amet', 0, 8, 99);
insert into comments (id, comment, is_private, userId, feedId) values (179, 'porttitor lorem id ligula', 0, 6, 98);
insert into comments (id, comment, is_private, userId, feedId) values (180, 'eu nibh quisque', 0, 7, 100);
insert into comments (id, comment, is_private, userId, feedId) values (181, 'congue etiam', 0, 3, 94);
insert into comments (id, comment, is_private, userId, feedId) values (182, 'vivamus vestibulum sagittis sapien', 1, 8, 47);
insert into comments (id, comment, is_private, userId, feedId) values (183, 'ultricies eu', 1, 6, 14);
insert into comments (id, comment, is_private, userId, feedId) values (184, 'lacinia erat', 0, 9, 31);
insert into comments (id, comment, is_private, userId, feedId) values (185, 'integer a nibh in', 1, 2, 7);
insert into comments (id, comment, is_private, userId, feedId) values (186, 'enim sit amet nunc', 1, 1, 60);
insert into comments (id, comment, is_private, userId, feedId) values (187, 'congue etiam justo', 0, 8, 65);
insert into comments (id, comment, is_private, userId, feedId) values (188, 'purus eu magna', 1, 6, 23);
insert into comments (id, comment, is_private, userId, feedId) values (189, 'nisl venenatis lacinia', 0, 7, 76);
insert into comments (id, comment, is_private, userId, feedId) values (190, 'velit id pretium iaculis', 0, 4, 24);
insert into comments (id, comment, is_private, userId, feedId) values (191, 'ultrices posuere cubilia', 0, 1, 36);
insert into comments (id, comment, is_private, userId, feedId) values (192, 'id lobortis', 1, 6, 13);
insert into comments (id, comment, is_private, userId, feedId) values (193, 'turpis elementum', 1, 4, 44);
insert into comments (id, comment, is_private, userId, feedId) values (194, 'quisque id justo sit', 1, 5, 45);
insert into comments (id, comment, is_private, userId, feedId) values (195, 'mattis odio donec', 1, 3, 97);
insert into comments (id, comment, is_private, userId, feedId) values (196, 'proin risus praesent lectus', 0, 5, 67);
insert into comments (id, comment, is_private, userId, feedId) values (197, 'elementum in', 0, 9, 38);
insert into comments (id, comment, is_private, userId, feedId) values (198, 'porta volutpat quam pede', 0, 9, 95);
insert into comments (id, comment, is_private, userId, feedId) values (199, 'odio porttitor', 1, 9, 42);
insert into comments (id, comment, is_private, userId, feedId) values (200, 'vivamus tortor', 1, 9, 35);



-- migrate:down

